Flash Attention,,,,,,,,,,,,,,,,,,,,,,,,,,,,,,,,,,,,,,,
M=4Kib,,,,,,,,,,,,,,,,,,,,,Optimal M,,,,,,,,,,,,,,,,,,
d\N,16,32,64,128,256,512,1024,2048,4096,,,,,,,,,,,,d\N,16,32,64,128,256,512,1024,2048,4096,,,,,,,,,
16,0.0046,0.0226,0.072,0.2759,1.1415,4.461,18.501,73.165,291.9,0.0046,0.0209,0.072,0.2759,1.1224,4.461,18.331,73.165,291.9,,,16,M=4KiB,M=8KiB,M=4KiB,M=4KiB,M=8KiB,M=4KiB,M=8KiB,M=4KiB,M=4KiB,4,15,4,4,15,4,15,4,4
32,0.0107,0.0411,0.1345,0.5273,2.1162,8.5474,34.655,139.78,558.11,0.01,0.0402,0.13,0.4982,2.0391,8.1965,32.758,133.39,526.54,,,32,M=8KiB,M=256KiB,M=16KiB,M=8KiB,M=8KiB,M=8KiB,M=8KiB,M=16KiB,M=8KiB,16,71,27,16,16,16,16,27,16
64,0.0231,0.086,0.3112,1.2715,5.131,20.516,82.7,332.81,1328.5,0.0193,0.064,0.2475,0.9543,3.8329,15.573,62.348,250.79,1012,,,64,M=128KiB,M=16KiB,M=16KiB,M=16KiB,M=16KiB,M=16KiB,M=16KiB,M=16KiB,M=16KiB,61,28,28,28,28,28,28,28,28
128,0.065,0.2427,0.9566,3.8912,15.651,63.638,256.77,1025.3,4111.9,0.0347,0.1304,0.5024,2.0299,8.2184,32.901,133.23,534.52,2139.4,,,128,M=16KiB,M=1024KiB,M=16KiB,M=16KiB,M=16KiB,M=16KiB,M=16KiB,M=16KiB,M=16KiB,29,95,29,29,29,29,29,29,29
256,0.2709,1.1411,4.4248,17.105,68.482,275.46,1103.3,4419.3,17847,0.0683,0.2686,1.0351,4.1947,17.313,69.782,276.77,1121,4519.3,,,256,M=128KiB,M=64KiB,M=64KiB,M=64KiB,M=64KiB,M=32KiB,M=64KiB,M=64KiB,M=64KiB,63,52,52,52,52,41,52,52,52
512,0.5503,2.1423,8.4592,33.772,135.25,541.45,2185.7,8775.8,38346,0.1344,0.5324,2.1447,8.6594,35.305,142.6,576.34,2312.6,9231,,,512,M=128KiB,M=64KiB,M=64KiB,M=128KiB,M=128KiB,M=128KiB,M=128KiB,M=128KiB,M=128KiB,64,53,53,64,64,64,64,64,64
1024,1.0401,4.2393,16.943,67.68,274.9,1096.9,4430.5,20158,93889,0.2891,1.1403,5.3161,18.527,73.985,296.07,1208.6,4915.1,20387,,,1024,M=128KiB,M=128KiB,M=64KiB,M=128KiB,M=128KiB,M=128KiB,M=128KiB,M=128KiB,M=128KiB,65,65,54,65,65,65,65,65,65
2048,2.162,8.3898,33.831,135.57,546.17,2228.4,10179,45359,186783,0.5893,2.3292,9.5503,38.398,155.46,633.48,2656.3,10859,42073,,,2048,M=256KiB,M=256KiB,M=256KiB,M=256KiB,M=256KiB,M=256KiB,M=256KiB,M=256KiB,M=256KiB,77,77,77,77,77,77,77,77,77
4096,4.2871,16.973,67.984,274.39,1100.4,4915.8,21833,90821,374857,1.2223,4.7049,19.212,77.598,319.57,1331.1,5418.7,20895,84157,,,4096,M=512KiB,M=512KiB,M=512KiB,M=512KiB,M=512KiB,M=512KiB,M=512KiB,M=512KiB,M=512KiB,89,89,89,89,89,89,89,89,89
M=8Kib,,,,,,,,,,,,,,,,,,,,,,,,,,,,,,,,,,,,,,,
d\N,16,32,64,128,256,512,1024,2048,4096,,,,,,,,,,,,,,,,,,,,,,,,,,,,,,
16,0.0055,0.0209,0.0752,0.276,1.1224,4.5264,18.331,73.329,296.13,0.8363636364,1.081339713,0.9574468085,0.9996376812,1.017017106,0.9855514316,1.009273908,0.9977635042,0.985715733,M=4KiB,,,,,,,,,,,,4,5,6,7,8,9,10,11,12
32,0.01,0.0403,0.1433,0.4982,2.0391,8.1965,32.758,135.7,526.54,1.07,1.019851117,0.9385903699,1.058410277,1.037810799,1.042810956,1.057909518,1.030066323,1.059957458,M=8KiB,,,,,,,,,,,,15,16,17,18,19,20,21,22,23
64,0.02,0.0746,0.2555,1.003,4.0216,16.25,65.604,264.26,1057.5,1.155,1.152815013,1.218003914,1.267696909,1.275860354,1.262523077,1.260593866,1.259403618,1.256264775,M=16KiB,,,,,,,,,,,,26,27,28,29,30,31,32,33,34
128,0.0477,0.1635,0.6074,2.4481,9.9314,39.937,161.62,646.08,2612.8,1.362683438,1.48440367,1.57490945,1.589477554,1.575910748,1.593459699,1.588726643,1.586955176,1.573752296,M=32KiB,,,,,,,,,,,,37,38,39,40,41,42,43,44,45
256,0.1223,0.4663,1.8802,7.6444,30.793,124.07,498.12,1990.9,8101.7,2.215044971,2.447137036,2.353366663,2.237585684,2.223947001,2.220198275,2.21492813,2.219749862,2.202871002,M=64KiB,,,,,,,,,,,,48,49,50,51,52,53,54,55,56
512,0.5379,2.1604,8.3179,33.552,134.19,541.15,2169.3,8768.2,39393,1.023052612,0.9916219219,1.016987461,1.006556986,1.007899247,1.000554375,1.007560042,1.000866769,0.9734216739,M=128KiB,,,,,,,,,,,,59,60,61,62,63,64,65,66,67
1024,1.0553,4.2247,17.11,68.535,271.72,1109.5,4415.4,20209,93896,0.9855965128,1.003455867,0.9902396259,0.9875246225,1.011703224,0.9886435331,1.003419849,0.9974763719,0.9999254494,M=256KiB,,,,,,,,,,,,70,71,72,73,74,75,76,77,78
2048,2.2048,8.5754,34.09,136.36,546.54,2257.2,10380,45968,185278,0.9805878084,0.9783566947,0.9924024641,0.9942065122,0.9993230139,0.9872408293,0.9806358382,0.9867516533,1.008122929,M=512KiB,,,,,,,,,,,,81,82,83,84,85,86,87,88,89
4096,4.2745,17.489,69.017,277.17,1110.3,4955.9,22223,92517,373589,1.002947713,0.9704957402,0.9850326731,0.9899700545,0.9910834909,0.9919086342,0.9824506142,0.9816682339,1.003394104,M=1024KiB,,,,,,,,,,,,92,93,94,95,96,97,98,99,100
M=16Kib,,,,,,,,,,,,,,,,,,,,,,,,,,,,,,,,,,,,,,,
d\N,16,32,64,128,256,512,1024,2048,4096,,,,,,,,,,,,,,,,,,,,,,,,,,,,,,
16,0.0053,0.0224,0.0785,0.2944,1.1931,4.778,19.292,77.142,308.62,1.037735849,0.9330357143,0.9579617834,0.9375,0.9407426033,0.9473419841,0.9501866058,0.950571673,0.9595295185,,,,,,,,,,,,,M=4KiB,M=8KiB,M=4KiB,M=4KiB,M=8KiB,M=4KiB,M=8KiB,M=4KiB,M=4KiB
32,0.01,0.0414,0.13,0.5093,2.0434,8.2905,33.128,133.39,535.62,1,0.9734299517,1.102307692,0.9782053799,0.9978956641,0.9886617212,0.9888312002,1.01731764,0.9830476831,,,,,,,,,,,,,M=8KiB,M=256KiB,M=16KiB,M=8KiB,M=8KiB,M=8KiB,M=8KiB,M=16KiB,M=8KiB
64,0.0196,0.064,0.2475,0.9543,3.8329,15.573,62.348,250.79,1012,1.020408163,1.165625,1.032323232,1.05103217,1.049231652,1.043472677,1.052223006,1.053710276,1.044960474,,,,,,,,,,,,,M=128KiB,M=16KiB,M=16KiB,M=16KiB,M=16KiB,M=16KiB,M=16KiB,M=16KiB,M=16KiB
128,0.0347,0.1433,0.5024,2.0299,8.2184,32.901,133.23,534.52,2139.4,1.374639769,1.140963015,1.208996815,1.206020001,1.208434732,1.213853682,1.213090145,1.208710619,1.221276994,,,,,,,,,,,,,M=16KiB,M=1024KiB,M=16KiB,M=16KiB,M=16KiB,M=16KiB,M=16KiB,M=16KiB,M=16KiB
256,0.086,0.303,1.2235,4.9469,19.932,80.077,321.04,1288,5204.2,1.422093023,1.538943894,1.536738864,1.54529099,1.544902669,1.549383718,1.551582357,1.545729814,1.556761846,,,,,,,,,,,,,M=128KiB,M=64KiB,M=64KiB,M=64KiB,M=64KiB,M=32KiB,M=64KiB,M=64KiB,M=64KiB
512,0.2366,0.9341,3.7979,15.152,61.232,245.05,982.61,3982.4,16733,2.273457312,2.312814474,2.190131388,2.21436114,2.191501176,2.208324832,2.20769176,2.201737646,2.354210243,,,,,,,,,,,,,M=128KiB,M=64KiB,M=64KiB,M=128KiB,M=128KiB,M=128KiB,M=128KiB,M=128KiB,M=128KiB
1024,1.0753,4.2404,16.552,67.19,268.23,1078.6,4369,20019,93724,0.9814005394,0.9962975191,1.033711938,1.02001786,1.013011222,1.028648248,1.010620279,1.009490984,1.001835176,,,,,,,,,,,,,M=128KiB,M=128KiB,M=64KiB,M=128KiB,M=128KiB,M=128KiB,M=128KiB,M=128KiB,M=128KiB
2048,2.2444,8.9244,35.876,142.23,558.48,2321.6,10609,46227,191493,0.9823560863,0.9608937296,0.9502174155,0.9587288195,0.9786205415,0.97226051,0.9784145537,0.9943972137,0.9675445055,,,,,,,,,,,,,M=256KiB,M=256KiB,M=256KiB,M=256KiB,M=256KiB,M=256KiB,M=256KiB,M=256KiB,M=256KiB
4096,4.3241,17.764,71.091,284.66,1165.2,5138.4,23156,94645,388860,0.988529405,0.9845192524,0.9708261243,0.9736879084,0.9528836251,0.9644831076,0.959708067,0.9775159808,0.960728797,,,,,,,,,,,,,M=512KiB,M=512KiB,M=512KiB,M=512KiB,M=512KiB,M=512KiB,M=512KiB,M=512KiB,M=512KiB
M=32Kib,,,,,,,,,,,,,,,,,,,,,,,,,,,,,,,,,,,,,,,
d\N,16,32,64,128,256,512,1024,2048,4096,,,,,,,,,,,,,,,,,,,,,,,,,,,,,,
16,0.0055,0.0242,0.0826,0.3354,1.3168,5.3085,21.239,85.962,346.18,0.9636363636,0.9256198347,0.9503631961,0.877757901,0.9060601458,0.900065932,0.9083290174,0.897396524,0.891501531,,,,,,,,,,,,,,,,,,,,,
32,0.0117,0.0418,0.1482,0.5741,2.2835,9.109,37.466,151.93,585.51,0.8547008547,0.990430622,0.8771929825,0.8871276781,0.8948543902,0.9101438138,0.8842150216,0.8779701178,0.9147922324,,,,,,,,,,,,,,,,,,,,,
64,0.0198,0.0687,0.2817,1.0571,4.2378,16.854,67.863,270.76,1079.5,0.9898989899,0.9315866084,0.8785942492,0.9027528143,0.9044551418,0.923994304,0.9187333304,0.9262446447,0.9374710514,,,,,,,,,,,,,,,,,,,,,
128,0.0419,0.1529,0.5342,2.1514,8.4898,33.928,136.41,541.49,2184.1,0.8281622912,0.9372138653,0.9404717334,0.9435251464,0.9680322269,0.9697300165,0.9766879261,0.9871281095,0.9795339041,,,,,,,,,,,,,,,,,,,,,
256,0.0807,0.2741,1.0681,4.4513,17.447,69.782,280.88,1143.2,4612.9,1.065675341,1.105435972,1.145491995,1.111338261,1.142431364,1.147530882,1.142979208,1.126662001,1.128184006,,,,,,,,,,,,,,,,,,,,,
512,0.1694,0.6664,2.6702,10.517,42.389,168.71,672.07,2794.2,11563,1.396694215,1.401710684,1.422327916,1.440715033,1.444525702,1.452492443,1.462064963,1.425237993,1.4471158,,,,,,,,,,,,,,,,,,,,,
1024,0.4994,2.024,7.8976,31.932,127.95,516.85,2114.8,9457.9,41434,2.153183821,2.095059289,2.09582658,2.104158838,2.096365768,2.0868724,2.065916399,2.116643229,2.262007047,,,,,,,,,,,,,,,,,,,,,
2048,2.1991,9.0843,35.479,141.92,571.85,2384.8,10754,46832,193184,1.020599336,0.9823982035,1.011189718,1.002184329,0.9766197429,0.9734988259,0.986516645,0.9870814827,0.9912466871,,,,,,,,,,,,,,,,,,,,,
4096,4.5074,17.74,70.687,285.39,1167.3,5184.1,22854,93766,373972,0.9593335404,1.001352875,1.005715337,0.9974420968,0.9982009766,0.9911845836,1.013214317,1.0093744,1.039810467,,,,,,,,,,,,,,,,,,,,,
M=64Kib,,,,,,,,,,,,,,,,,,,,,,,,,,,,,,,,,,,,,,,
d\N,16,32,64,128,256,512,1024,2048,4096,,,,,,,,,,,,,,,,,,,,,,,,,,,,,,
16,0.0055,0.022,0.0869,0.3264,1.3895,5.5873,22.198,89.045,356.96,1,1.1,0.9505178366,1.027573529,0.9476790212,0.9501011222,0.9567979097,0.9653770565,0.9698005379,,,,,,,,,,,,,,,,,,,,,
32,0.01,0.0413,0.1695,0.6007,2.5131,9.8536,39.103,157.31,626,1.17,1.012106538,0.8743362832,0.9557183286,0.908638733,0.9244337095,0.9581362044,0.9658000127,0.9353194888,,,,,,,,,,,,,,,,,,,,,
64,0.0209,0.067,0.2737,1.1319,4.3058,17.477,71.319,294.23,1158.8,0.9473684211,1.025373134,1.029229083,0.9339164237,0.9842073482,0.9643531499,0.9515416649,0.9202324712,0.9315671384,,,,,,,,,,,,,,,,,,,,,
128,0.0424,0.1368,0.5199,2.1788,8.9569,37.311,141.83,563.04,2275.5,0.9882075472,1.117690058,1.027505289,0.9874242702,0.9478502607,0.9093296883,0.9617852358,0.9617256323,0.9598330037,,,,,,,,,,,,,,,,,,,,,
256,0.0766,0.2686,1.0351,4.1947,17.313,73.652,276.77,1121,4519.3,1.053524804,1.020476545,1.031880978,1.061172432,1.007739849,0.947455602,1.014849875,1.019803747,1.020711172,,,,,,,,,,,,,,,,,,,,,
512,0.1449,0.5324,2.1447,8.8192,35.316,143.55,577.1,2321.1,9697.4,1.169082126,1.251690458,1.245022614,1.192511792,1.200277495,1.175269941,1.1645642,1.203825772,1.192381463,,,,,,,,,,,,,,,,,,,,,
1024,0.3168,1.2755,5.3161,21.23,84.499,340.61,1388.9,5840.8,24443,1.576388889,1.586828695,1.485600346,1.504097975,1.514219103,1.517424621,1.522643819,1.619281605,1.695127439,,,,,,,,,,,,,,,,,,,,,
2048,0.9944,3.9942,16.025,64.056,263.61,1066.2,4636.4,20105,82525,2.211484312,2.274372841,2.213978159,2.215561384,2.169303137,2.236728569,2.319472004,2.329370803,2.340914874,,,,,,,,,,,,,,,,,,,,,
4096,4.3382,17.589,70.902,277.43,1114.9,5056.9,22739,92686,377801,1.039002351,1.008584911,0.9969676455,1.028691922,1.046999731,1.02515375,1.00505739,1.011652245,0.9898650348,,,,,,,,,,,,,,,,,,,,,
M=128Kib,,,,,,,,,,,,,,,,,,,,,,,,,,,,,,,,,,,,,,,
d\N,16,32,64,128,256,512,1024,2048,4096,,,,,,,,,,,,,,,,,,,,,,,,,,,,,,
16,0.0055,0.0224,0.09,0.3327,1.3924,6.1483,23.693,94.64,378.5,1,0.9821428571,0.9655555556,0.9810640216,0.9979172652,0.9087552657,0.9369011944,0.9408812342,0.9430911493,,,,,,,,,,,,,,,,,,,,,
32,0.0104,0.041,0.1482,0.6074,2.7094,10.837,43.904,175.12,704.43,0.9615384615,1.007317073,1.143724696,0.9889693777,0.9275485347,0.909255329,0.890647777,0.8982983097,0.8886617549,,,,,,,,,,,,,,,,,,,,,
64,0.0193,0.076,0.2783,1.5189,5.2724,20.458,80.33,322.27,1290.3,1.082901554,0.8815789474,0.9834710744,0.7452103496,0.8166679311,0.8542868316,0.887825221,0.9129922115,0.8980857165,,,,,,,,,,,,,,,,,,,,,
128,0.0407,0.1389,0.5686,2.3523,9.3937,37.499,150.64,611.18,2424.1,1.041769042,0.9848812095,0.9143510376,0.9262424011,0.9535007505,0.994986533,0.9415161976,0.9212343336,0.9386988986,,,,,,,,,,,,,,,,,,,,,
256,0.0683,0.279,1.1305,4.5171,18.193,73.212,294.47,1178,4657.6,1.121522694,0.9627240143,0.9156125608,0.9286267738,0.9516297477,1.006009944,0.9398920094,0.9516129032,0.9703065957,,,,,,,,,,,,,,,,,,,,,
512,0.1344,0.535,2.1934,8.6594,35.305,142.6,576.34,2312.6,9231,1.078125,0.9951401869,0.9777970274,1.018453934,1.000311571,1.006661992,1.001318666,1.003675517,1.050525404,,,,,,,,,,,,,,,,,,,,,
1024,0.2891,1.1403,5.4891,18.527,73.985,296.07,1208.6,4915.1,20387,1.095814597,1.11856529,0.9684829936,1.14589518,1.142109887,1.150437397,1.14918087,1.188337979,1.198950311,,,,,,,,,,,,,,,,,,,,,
2048,0.6275,2.5254,10.234,43.167,167.56,665.37,2954.9,12694,47942,1.584701195,1.581610834,1.565858902,1.483911321,1.573227501,1.6024167,1.56905479,1.583819127,1.721350799,,,,,,,,,,,,,,,,,,,,,
4096,1.9286,7.7924,31.458,127.67,510.73,2208.6,9917.8,41846,169540,2.249403713,2.257199322,2.253862293,2.173024203,2.182953811,2.289640496,2.292746375,2.214930937,2.228388581,,,,,,,,,,,,,,,,,,,,,
M=256Kib,,,,,,,,,,,,,,,,,,,,,,,,,,,,,,,,,,,,,,,
d\N,16,32,64,128,256,512,1024,2048,4096,,,,,,,,,,,,,,,,,,,,,,,,,,,,,,
16,0.0061,0.0263,0.0864,0.4065,1.3989,5.9422,36.039,145.2,581.94,0.9016393443,0.8517110266,1.041666667,0.8184501845,0.995353492,1.034684124,0.6574266767,0.6517906336,0.6504106953,,,,,,,,,,,,,,,,,,,,,
32,0.0104,0.0402,0.141,0.6163,2.7413,17.046,68.115,271.09,1093.4,1,1.019900498,1.05106383,0.985558981,0.9883631854,0.6357503227,0.6445569992,0.6459847283,0.6442564478,,,,,,,,,,,,,,,,,,,,,
64,0.0214,0.0692,0.2711,1.2457,7.2717,29.231,116.64,470.55,1872.2,0.9018691589,1.098265896,1.026558466,1.219314442,0.7250574144,0.6998734221,0.6887002743,0.6848793965,0.6891891892,,,,,,,,,,,,,,,,,,,,,
128,0.0401,0.1409,0.6001,4.0828,17.034,66.305,264.47,1047.1,4298,1.014962594,0.9858055358,0.9475087485,0.5761487215,0.5514676529,0.5655531257,0.5695920142,0.5836882819,0.5640065147,,,,,,,,,,,,,,,,,,,,,
256,0.085,0.2862,1.7289,6.9516,27.498,109.69,438.11,1766.4,6742.3,0.8035294118,0.9748427673,0.6538839725,0.6497928534,0.6616117536,0.6674446166,0.6721371345,0.6668931159,0.6908028418,,,,,,,,,,,,,,,,,,,,,
512,0.1428,0.9096,3.6711,14.741,59.251,237.16,956.13,3832.9,15198,0.9411764706,0.5881706245,0.5974775953,0.5874364019,0.5958549223,0.601281835,0.6027841402,0.6033551619,0.6073825503,,,,,,,,,,,,,,,,,,,,,
1024,0.4231,1.7029,7.0169,27.777,111.22,448.12,1805.2,7304.4,29006,0.6832900024,0.6696224088,0.7822685231,0.6669906757,0.6652130912,0.6606935642,0.6695103036,0.6728957888,0.7028545818,,,,,,,,,,,,,,,,,,,,,
2048,0.5893,2.3292,9.5503,38.398,155.46,633.48,2656.3,10859,42073,1.064822671,1.08423493,1.071589374,1.124199177,1.077833526,1.050340974,1.112412002,1.168984253,1.139495639,,,,,,,,,,,,,,,,,,,,,
4096,1.3367,5.3167,21.333,87.352,350.24,1551.5,6321.1,25665,98263,1.442806913,1.465645983,1.474616791,1.461557835,1.458228643,1.42352562,1.568999067,1.630469511,1.725369671,,,,,,,,,,,,,,,,,,,,,
M=512Kib,,,,,,,,,,,,,,,,,,,,,,,,,,,,,,,,,,,,,,,
d\N,16,32,64,128,256,512,1024,2048,4096,,,,,,,,,,,,,,,,,,,,,,,,,,,,,,
16,0.0055,0.0214,0.0813,0.3356,1.3837,5.9971,36.092,145.57,585.38,1.109090909,1.228971963,1.062730627,1.211263409,1.01098504,0.9908455754,0.9985315305,0.9974582675,0.9941234753,,,,,,,,,,,,,,,,,,,,,
32,0.0105,0.0452,0.1516,0.6168,2.7429,16.898,96.28,386.87,1544.9,0.9904761905,0.889380531,0.9300791557,0.9991893645,0.9994166758,1.008758433,0.7074678022,0.7007263422,0.7077480743,,,,,,,,,,,,,,,,,,,,,
64,0.0193,0.077,0.2789,1.2502,7.1703,35.662,142.69,562.76,2245.8,1.10880829,0.8987012987,0.9720329867,0.9964005759,1.014141668,0.8196679939,0.8174364006,0.8361468477,0.8336450263,,,,,,,,,,,,,,,,,,,,,
128,0.0428,0.1542,0.6027,4.1667,16.922,68.172,272.56,1100.6,4398.7,0.9369158879,0.9137483787,0.9956860793,0.9798641611,1.006618603,0.9726133897,0.970318462,0.9513901508,0.9771068725,,,,,,,,,,,,,,,,,,,,,
256,0.074,0.2894,1.6902,8.666,34.435,137.04,561.67,2238.2,8837,1.148648649,0.9889426399,1.022896699,0.8021693976,0.798547989,0.8004232341,0.780013175,0.7892056117,0.7629625438,,,,,,,,,,,,,,,,,,,,,
512,0.1662,0.9161,4.6191,18.384,73.075,290.32,1159.5,4642.9,18633,0.8592057762,0.9929047047,0.794765214,0.8018385553,0.8108244954,0.8168917057,0.8246054334,0.8255400719,0.8156496538,,,,,,,,,,,,,,,,,,,,,
1024,0.4276,2.6747,10.749,43.279,172.31,694.3,2770.5,11086,44493,0.9894761459,0.636669533,0.6527956089,0.6418124263,0.6454645697,0.6454270488,0.6515791373,0.6588850803,0.6519227744,,,,,,,,,,,,,,,,,,,,,
2048,0.874,3.5366,14.714,56.539,228.76,910.81,3671.1,15432,57993,0.6742562929,0.6585986541,0.6490621177,0.6791418313,0.6795768491,0.6955127853,0.7235705919,0.7036677035,0.7254841102,,,,,,,,,,,,,,,,,,,,,
4096,1.2223,4.7049,19.212,77.598,319.57,1331.1,5418.7,20895,84157,1.093594044,1.130034645,1.11039975,1.125699116,1.095972713,1.165577342,1.166534409,1.228284279,1.16761529,,,,,,,,,,,,,,,,,,,,,
M=1024Kib,,,,,,,,,,,,,,,,,,,,,,,,,,,,,,,,,,,,,,,
d\N,16,32,64,128,256,512,1024,2048,4096,,,,,,,,,,,,,,,,,,,,,,,,,,,,,,
16,0.0055,0.0241,0.0869,0.3416,1.4228,6.0707,36.482,146.65,630.44,1,0.887966805,0.9355581128,0.9824355972,0.9725189767,0.9878761922,0.9893097966,0.9926355268,0.9285261087,,,,,,,,,,,,,,,,,,,,,
32,0.0111,0.0415,0.1471,0.6238,2.7519,16.837,96.627,390.85,1558.7,0.9459459459,1.089156627,1.030591434,0.9887784546,0.9967295323,1.003622973,0.9964088712,0.9898170654,0.9911464682,,,,,,,,,,,,,,,,,,,,,
64,0.0209,0.0825,0.2795,1.2535,7.1,34.947,211.14,831.74,3300.7,0.9234449761,0.9333333333,0.9978533095,0.9973673714,1.009901408,1.020459553,0.6758075211,0.67660567,0.680401127,,,,,,,,,,,,,,,,,,,,,
128,0.0366,0.1304,0.577,4.0348,16.926,74.89,304.86,1202.8,4778.2,1.169398907,1.182515337,1.044540728,1.032690592,0.9997636772,0.9102950995,0.8940497277,0.9150315929,0.9205767862,,,,,,,,,,,,,,,,,,,,,
256,0.0724,0.2766,1.6385,8.5403,34.761,139.7,560.03,2228.7,8982.1,1.022099448,1.046276211,1.03155325,1.014718453,0.9906216737,0.9809591983,1.002928415,1.004262575,0.9838456486,,,,,,,,,,,,,,,,,,,,,
512,0.1413,0.8909,4.4581,20.535,81.034,323.98,1314.3,5305.1,20964,1.176220807,1.028286003,1.03611404,0.8952520088,0.9017819681,0.8961046978,0.8822186715,0.8751767167,0.8888093875,,,,,,,,,,,,,,,,,,,,,
1024,0.4198,2.5813,12.368,49.52,198.11,794.9,3203.6,12805,51501,1.018580276,1.036183318,0.8690976714,0.8739701131,0.8697693201,0.8734432004,0.8648083406,0.8657555642,0.8639249723,,,,,,,,,,,,,,,,,,,,,
2048,0.8473,5.3562,21.866,86.448,348.58,1390.6,5572.5,22090,88185,1.031511861,0.6602815429,0.6729168572,0.6540232278,0.6562625509,0.6549762692,0.6587886945,0.6985966501,0.6576288484,,,,,,,,,,,,,,,,,,,,,
4096,1.7324,6.8916,28.004,113.31,455.48,1831.4,7268.4,28452,113062,0.7055529901,0.6827006791,0.6860448507,0.6848292295,0.7016114868,0.7268210112,0.7455148313,0.7343947701,0.7443438114,,,,,,,,,,,,,,,,,,,,,
The rest of datas are estimated under M=16,,,,,,,,,,,,,,,,,,,,,,,,,,,,,,,,,,,,,,,
Flash Attention(M=16),,,,,,,,,,,,,,,,,,,,,,,,,,,,,,,,,,,,,,,
O2 optimization,,,,,,,,,,,,,,,,,,,,,,,,,,,,,,,,,,,,,,,
d\N,16,32,64,128,256,512,1024,2048,4096,,,,,,,,,,,,,,,,,,,,,,,,,,,,,,
16,0.0053,0.0224,0.0785,0.2944,1.1931,4.778,19.292,77.142,308.62,,,,,,,,,,,,,,,,,,,,,,,,,,,,,,
32,0.01,0.0414,0.13,0.5093,2.0434,8.2905,33.128,133.39,535.62,,,,,,,,,,,,,,,,,,,,,,,,,,,,,,
64,0.0196,0.064,0.2475,0.9543,3.8329,15.573,62.348,250.79,1012,,,,,,,,,,,,,,,,,,,,,,,,,,,,,,
128,0.0347,0.1433,0.5024,2.0299,8.2184,32.901,133.23,534.52,2139.4,,,,,,,,,,,,,,,,,,,,,,,,,,,,,,
256,0.086,0.303,1.2235,4.9469,19.932,80.077,321.04,1288,5204.2,,,,,,,,,,,,,,,,,,,,,,,,,,,,,,
512,0.2366,0.9341,3.7979,15.152,61.232,245.05,982.61,3982.4,16733,,,,,,,,,,,,,,,,,,,,,,,,,,,,,,
1024,1.0753,4.2404,16.552,67.19,268.23,1078.6,4369,20019,93724,,,,,,,,,,,,,,,,,,,,,,,,,,,,,,
2048,2.2444,8.9244,35.876,142.23,558.48,2321.6,10609,46227,191493,,,,,,,,,,,,,,,,,,,,,,,,,,,,,,
4096,4.3241,17.764,71.091,284.66,1165.2,5138.4,23156,94645,388860,,,,,,,,,,,,,,,,,,,,,,,,,,,,,,
O3 optimization,,,,,,,,,,,,,,,,,,,,,,,,,,,,,,,,,,,,,,,
d\N,16,32,64,128,256,512,1024,2048,4096,,,,,,,,,,,,,,,,,,,,,,,,,,,,,,
16,0.0041,0.0193,0.0732,0.2597,1.0345,4.2024,16.754,67.496,270.24,,,,,,,,,,,,,,,,,,,,,,,,,,,,,,
32,0.0086,0.0362,0.1249,0.4573,1.8384,7.2902,29.258,117.79,475.22,,,,,,,,,,,,,,,,,,,,,,,,,,,,,,
64,0.018,0.0677,0.2202,0.8955,3.4614,14.166,57.395,233,919.98,,,,,,,,,,,,,,,,,,,,,,,,,,,,,,
128,0.0406,0.1262,0.4861,1.9294,7.7936,31.428,126.14,520.73,2039.1,,,,,,,,,,,,,,,,,,,,,,,,,,,,,,
256,0.0949,0.3134,1.231,4.9144,21.35,79.656,320.04,1292.7,5176.6,,,,,,,,,,,,,,,,,,,,,,,,,,,,,,
512,0.2422,0.9327,3.9705,15.228,61.169,245.38,982.35,3963.9,16745,,,,,,,,,,,,,,,,,,,,,,,,,,,,,,
1024,1.0716,4.1578,16.624,67.146,270.05,1088.2,4406.2,20362,95009,,,,,,,,,,,,,,,,,,,,,,,,,,,,,,
2048,2.0963,8.4445,34.038,135.85,545.6,2231.2,10090,44109,181466,,,,,,,,,,,,,,,,,,,,,,,,,,,,,,
4096,4.4311,16.803,67.78,271.39,1088.2,4880.5,21786,90101,374135,,,,,,,,,,,,,,,,,,,,,,,,,,,,,,
O2+ASan,,,,,,,,,,,,,,,,,,,,,,,,,,,,,,,,,,,,,,,
d\N,16,32,64,128,256,512,1024,2048,4096,,,,,,,,,,,,,,,,,,,,,,,,,,,,,,
16,0.0162,0.0664,0.1703,0.5877,2.2973,9.3145,36.687,146.22,589.06,,,,,,,,,,,,,,,,,,,,,,,,,,,,,,
32,0.0364,0.0959,0.3112,1.0811,4.3212,17.116,69.28,275.85,1104.7,,,,,,,,,,,,,,,,,,,,,,,,,,,,,,
64,0.0646,0.1551,0.5483,2.1218,8.4237,33.682,134.19,540.26,2151.2,,,,,,,,,,,,,,,,,,,,,,,,,,,,,,
128,0.101,0.3113,1.134,4.4664,17.727,71.026,284.17,1135.1,4566.1,,,,,,,,,,,,,,,,,,,,,,,,,,,,,,
256,0.1985,0.6964,2.6685,10.903,42.424,169.04,672.45,2697,10833,,,,,,,,,,,,,,,,,,,,,,,,,,,,,,
512,0.5725,2.1788,8.5585,34.284,136.17,549.21,2189.2,8816.2,36336,,,,,,,,,,,,,,,,,,,,,,,,,,,,,,
1024,2.5453,10.538,41.133,166.33,664.55,2666.3,10778,45211,183732,,,,,,,,,,,,,,,,,,,,,,,,,,,,,,
2048,5.2105,20.773,84.288,334.23,1338.1,5405.1,22572,91409,366798,,,,,,,,,,,,,,,,,,,,,,,,,,,,,,
4096,10.529,41.75,168.88,667.78,2676.9,11120,45659,182662,754404,,0.0266,0.0813,0.3291,1.3287,5.3447,21.338,88.143,344.24,1377.3,,,,,,,,,,,,,,,,,,,,
The rest of datas are estimated under O2 optimization,,,,,,,,,,,0.0016,0.005,0.0199,0.0849,0.327,1.2814,5.2703,20.759,83.284,,,,,,,,,,,,,,,,,,,,
Arithmetic Operations,,,,,,,,,,,0.06015037594,0.06150061501,0.06046794287,0.06389704222,0.06118210564,0.06005248852,0.05979260974,0.06030385777,0.06046903362,,,,,,,,,,,,0.06086845237,,,,,,,,
Summary(Total time),,,,,,,,,,,,,,,,,,,,,,,,,,,,,,,,,,,,,,,
d\N,16,32,64,128,256,512,1024,2048,4096,,,,,,,,,,,,,,,,,,,,,,,,,,,,,,
16,0.0073,0.0311,0.1023,0.3854,1.5648,6.2111,25.179,100.96,411.79,,1.377358491,1.388392857,1.303184713,1.309103261,1.311541363,1.299937212,1.305152395,1.308755282,1.334294602,,,,,,,,,,,,,,,,,,,,
32,0.0144,0.0494,0.1873,0.695,2.835,11.279,45.154,182.46,725.32,,1.44,1.193236715,1.440769231,1.364618103,1.38739356,1.36047283,1.36301618,1.367868656,1.354169,,,,,,,,,,,,,,,,,,,,
64,0.0266,0.0813,0.3291,1.3287,5.3447,21.338,88.143,344.24,1377.3,,1.357142857,1.2703125,1.32969697,1.392329456,1.394427196,1.370191999,1.413726182,1.372622513,1.360968379,,,,,,,,,,,,,,,,,,,,
128,0.0547,0.1703,0.6437,2.6136,10.527,42.22,170.3,677.99,2736.7,,1.576368876,1.188415911,1.28125,1.287551111,1.280906259,1.28324367,1.278240636,1.26840904,1.279190427,,,,,,,,,,,,,,,,,,,,
256,0.0842,0.341,1.3071,5.9382,21.305,85.529,356.58,1375.3,5494,,0.9790697674,1.125412541,1.068328566,1.200388122,1.068884206,1.068084469,1.110702716,1.067779503,1.055685792,,,,,,,,,,,,,,,,,,,,
512,0.181,0.7062,2.8508,11.493,46.263,185.46,744.76,2973.4,11989,,0.7650042265,0.7560218392,0.7506253456,0.7585137276,0.7555363209,0.7568251377,0.7579405868,0.7466351949,0.7164883763,,,,,,,,,,,,,,,,,,,,
1024,0.4177,1.7003,6.96,27.927,111.56,448.52,1804.4,7162.5,28684,,0.388449735,0.400976323,0.4204929918,0.4156422087,0.4159117176,0.4158353421,0.4130006867,0.3577851042,0.3060475439,,,,,,,,,,,,,,,,,,,,
2048,0.8162,3.6473,12.916,54.531,218.2,841.17,3373.7,13510,53689,,0.3636606665,0.4086885393,0.3600178392,0.3834001266,0.3907033376,0.3623233977,0.3180035819,0.292253445,0.2803705618,,,,,,,,,,,,,,,,,,,,
4096,1.5462,6.2219,25.057,99.499,399.04,1607.1,6431.8,25623,103728,,0.3575772993,0.3502533213,0.3524637437,0.3495362889,0.3424648129,0.3127627277,0.277759544,0.2707274552,0.2667489585,,,,,,,,,,,,,,,,,,,,
d=16\N,16,32,64,128,256,512,1024,2048,4096,,,,,,,,,,,,,,,,,,,,,,,,,,,,,,
Seg 1(P=QKt),0.002,0.0098,0.033,0.1216,0.5078,2.0148,8.1979,32.883,135.35,,1.338729401,1.576368876,1.188415911,,,,,,,,,,,,,,,,,,,,,,,,,,
Seg 2(row max),0.0005,0.0016,0.0042,0.0159,0.0668,0.2689,1.0934,4.3402,17.474,,,,,,,,,,,,,,,,,,,,,,,,,,,,,,
"Seg 3(softmax, exponential)",0.0019,0.005,0.0143,0.0546,0.2193,0.8788,3.5349,14.223,57.888,,,,,,,,,,,,,,,,,,,,,,,,,,,,,,
Seg 4(normalization),0.0004,0.0009,0.0016,0.0055,0.0251,0.0937,0.3806,1.54,6.279,,,,,,,,,,,,,,,,,,,,,,,,,,,,,,
Seg 5(O=PV),0.0022,0.0116,0.0461,0.1735,0.6841,2.7157,10.987,44.04,178.7,,,,,,,,,,,,,,,,,,,,,,,,,,,,,,
d=32\N,16,32,64,128,256,512,1024,2048,4096,,,,,,,,,,,,,,,,,,,,,,,,,,,,,,
Seg 1(P=QKt),0.0057,0.0199,0.0799,0.2927,1.1893,4.7152,18.861,76.757,303.94,,,,,,,,,,,,,,,,,,,,,,,,,,,,,,
Seg 2(row max),0.0006,0.0014,0.0054,0.0212,0.084,0.3318,1.3283,5.3246,21.278,,,,,,,,,,,,,,,,,,,,,,,,,,,,,,
"Seg 3(softmax, exponential)",0.0016,0.0057,0.0166,0.0622,0.2526,1.0107,4.047,16.312,64.897,,,,,,,,,,,,,,,,,,,,,,,,,,,,,,
Seg 4(normalization),0.0005,0.0007,0.0029,0.0118,0.0481,0.1952,0.7642,3.0863,12.264,,,,,,,,,,,,,,,,,,,,,,,,,,,,,,
Seg 5(O=PV),0.0048,0.0199,0.0769,0.2846,1.1443,4.5608,18.243,73.322,292.32,,,,,,,,,,,,,,,,,,,,,,,,,,,,,,
d=64\N,16,32,64,128,256,512,1024,2048,4096,,,,,,,,,,,,,,,,,,,,,,,,,,,,,,
Seg 1(P=QKt),0.0134,0.041,0.1637,0.6639,2.6467,10.589,44.007,171.16,683.95,,,,,,,,,,,,,,,,,,,,,,,,,,,,,,
Seg 2(row max),0.0006,0.0018,0.0073,0.0286,0.1149,0.4686,1.8936,7.4656,30.494,,,,,,,,,,,,,,,,,,,,,,,,,,,,,,
"Seg 3(softmax, exponential)",0.0016,0.005,0.0199,0.0849,0.327,1.2814,5.2703,20.759,83.284,,0.06015037594,0.06150061501,0.06046794287,0.06389704222,0.06118210564,0.06005248852,0.05979260974,0.06030385777,0.06046903362,,,,,,,,,,,,,,,,,,,,
Seg 4(normalization),0.0005,0.0014,0.0063,0.0239,0.0956,0.3841,1.5558,6.1739,24.661,,,,,,,,,,,,,,,,,,,,,,,,,,,,,,
Seg 5(O=PV),0.0094,0.0297,0.1208,0.4732,1.9114,7.638,31.407,123.45,492.52,,,,,,,,,,,,,,,,,,,,,,,,,,,,,,
d=128\N,16,32,64,128,256,512,1024,2048,4096,,,,,,,,,,,,,,,,,,,,,,,,,,,,,,
Seg 1(P=QKt),0.0307,0.097,0.3545,1.4338,5.7848,23.191,93.52,371.68,1502.9,,,,,,,,,,,,,,,,,,,,,,,,,,,,,,
Seg 2(row max),0.0009,0.0035,0.0135,0.0492,0.1974,0.7983,3.182,12.724,51.373,,,,,,,,,,,,,,,,,,,,,,,,,,,,,,
"Seg 3(softmax, exponential)",0.0022,0.0066,0.0279,0.1103,0.4473,1.7964,7.2486,28.938,116.76,,,,,,,,,,,,,,,,,,,,,,,,,,,,,,
Seg 4(normalization),0.0009,0.003,0.0115,0.0512,0.1947,0.7616,3.0708,12.266,49.509,,,,,,,,,,,,,,,,,,,,,,,,,,,,,,
Seg 5(O=PV),0.0167,0.054,0.2102,0.8482,3.4022,13.703,55.197,220.39,888.63,,,,,,,,,,,,,,,,,,,,,,,,,,,,,,
d=256\N,16,32,64,128,256,512,1024,2048,4096,,,,,,,,,,,,,,,,,,,,,,,,,,,,,,
Seg 1(P=QKt),0.0483,0.1972,0.7502,3.3512,12.153,48.715,202.31,783.71,3132.4,,,,,,,,,,,,,,,,,,,,,,,,,,,,,,
Seg 2(row max),0.0015,0.0058,0.0244,0.099,0.3897,1.5683,6.3839,25.077,100.41,,,,,,,,,,,,,,,,,,,,,,,,,,,,,,
"Seg 3(softmax, exponential)",0.0027,0.0111,0.0416,0.1781,0.6638,2.6671,11.108,43.323,173.4,,,,,,,,,,,,,,,,,,,,,,,,,,,,,,
Seg 4(normalization),0.0015,0.0058,0.0234,0.0955,0.3818,1.5267,6.2443,24.678,98.553,,,,,,,,,,,,,,,,,,,,,,,,,,,,,,
Seg 5(O=PV),0.0268,0.1077,0.4093,1.9116,6.6429,26.752,112.79,430.91,1720.5,,,,,,,,,,,,,,,,,,,,,,,,,,,,,,
d=512\N,16,32,64,128,256,512,1024,2048,4096,,,,,,,,,,,,,,,,,,,,,,,,,,,,,,
Seg 1(P=QKt),0.0981,0.3853,1.5498,6.2112,25.006,100,401.4,1601.7,6456.7,,,,,,,,,,,,,,,,,,,,,,,,,,,,,,
Seg 2(row max),0.0045,0.012,0.0474,0.1905,0.7677,3.1082,12.454,49.743,201.2,,,,,,,,,,,,,,,,,,,,,,,,,,,,,,
"Seg 3(softmax, exponential)",0.0047,0.0183,0.0718,0.2898,1.1622,4.6979,18.858,74.984,302.22,,,,,,,,,,,,,,,,,,,,,,,,,,,,,,
Seg 4(normalization),0.0028,0.0116,0.0472,0.1885,0.7551,3.0644,12.325,49.045,198.08,,,,,,,,,,,,,,,,,,,,,,,,,,,,,,
Seg 5(O=PV),0.0636,0.2464,0.9957,4.0132,16.17,65.016,261.79,1045.2,4221.8,,,,,,,,,,,,,,,,,,,,,,,,,,,,,,
d=1024\N,16,32,64,128,256,512,1024,2048,4096,,,,,,,,,,,,,,,,,,,,,,,,,,,,,,
Seg 1(P=QKt),0.1995,0.8036,3.2484,13.097,52.295,210.4,846.82,3361.4,13467,,,,,,,,,,,,,,,,,,,,,,,,,,,,,,
Seg 2(row max),0.0058,0.0235,0.0959,0.388,1.5556,6.2439,25.109,99.411,398.7,,,,,,,,,,,,,,,,,,,,,,,,,,,,,,
"Seg 3(softmax, exponential)",0.008,0.0323,0.1318,0.5236,2.1223,8.5112,34.21,136.88,546.95,,,,,,,,,,,,,,,,,,,,,,,,,,,,,,
Seg 4(normalization),0.0056,0.023,0.0932,0.3808,1.5213,6.1502,24.797,98.911,397.09,,,,,,,,,,,,,,,,,,,,,,,,,,,,,,
Seg 5(O=PV),0.1814,0.7347,3.0267,12.096,48.281,193.98,781.87,3101.5,12418,,,,,,,,,,,,,,,,,,,,,,,,,,,,,,
d=2048\N,16,32,64,128,256,512,1024,2048,4096,,,,,,,,,,,,,,,,,,,,,,,,,,,,,,
Seg 1(P=QKt),0.405,1.7644,6.4123,26.898,107.47,417.77,1674.2,6707.2,26716,,,,,,,,,,,,,,,,,,,,,,,,,,,,,,
Seg 2(row max),0.0062,0.0243,0.0964,0.3978,1.5813,6.2226,24.929,99.963,397.84,,,,,,,,,,,,,,,,,,,,,,,,,,,,,,
"Seg 3(softmax, exponential)",0.0084,0.0352,0.1308,0.5516,2.1718,8.5473,34.27,137.46,548.19,,,,,,,,,,,,,,,,,,,,,,,,,,,,,,
Seg 4(normalization),0.0059,0.0237,0.0946,0.3895,1.5593,6.1543,24.713,99.398,395.89,,,,,,,,,,,,,,,,,,,,,,,,,,,,,,
Seg 5(O=PV),0.3685,1.6861,5.8221,24.888,99.359,380.13,1525.3,6100.9,24254,,,,,,,,,,,,,,,,,,,,,,,,,,,,,,
d=4096\N,16,32,64,128,256,512,1024,2048,4096,,,,,,,,,,,,,,,,,,,,,,,,,,,,,,
Seg 1(P=QKt),0.7874,3.1592,12.74,50.846,204.18,822.07,3288.3,13119,52957,,,,,,,,,,,,,,,,,,,,,,,,,,,,,,
Seg 2(row max),0.0057,0.0236,0.0957,0.3822,1.5365,6.1673,24.635,98.245,395.61,,,,,,,,,,,,,,,,,,,,,,,,,,,,,,
"Seg 3(softmax, exponential)",0.008,0.0324,0.1319,0.5252,2.1028,8.4705,33.952,135.32,546.64,,,,,,,,,,,,,,,,,,,,,,,,,,,,,,
Seg 4(normalization),0.0057,0.0232,0.0949,0.3801,1.5204,6.1098,24.512,97.899,394.34,,,,,,,,,,,,,,,,,,,,,,,,,,,,,,
Seg 5(O=PV),0.7144,2.8892,11.616,45.907,183.98,741.4,2964.9,11816,47794,,,,,,,,,,,,,,,,,,,,,,,,,,,,,,
Save/Load Operation,,,,,,,,,,,,,,,,,,,,,,,,,,,,,,,,,,,,,,,
Summary(Total time),,,,,,,,,,,,,,,,,,,,,,,,,,,,,,,,,,,,,,,
d\N,16,32,64,128,256,512,1024,2048,4096,,0.6388808791,0.5333165703,0.8126801153,,,,,,,,,,,,,,,,,,,,,,,,,,
16,0.0039,0.0161,0.0478,0.1621,0.6363,2.6482,10.562,41.894,169.05,,0.7358490566,0.71875,0.6089171975,0.550611413,0.5333165703,0.5542486396,0.5474808211,0.5430764046,0.5477610006,,,,,,,,,,,,,,,,,,,,
32,0.0063,0.0234,0.087,0.3075,1.2489,5.0151,20.096,80.533,324.07,,0.63,0.5652173913,0.6692307692,0.6037698802,0.611187237,0.6049212955,0.6066167592,0.6037409101,0.6050371532,,,,,,,,,,,,,,,,,,,,
64,0.0123,0.0479,0.152,0.6036,2.4148,9.9429,40.207,158.14,641.78,,0.6275510204,0.7484375,0.6141414141,0.6325055014,0.6300190456,0.6384704296,0.644880349,0.630567407,0.6341699605,,,,,,,,,,,,,,,,,,,,
128,0.0282,0.1011,0.345,1.4172,5.6593,22.756,92.51,367.72,1483.9,,0.8126801153,0.70551291,0.6867038217,0.6981624711,0.6886133554,0.6916507097,0.6943631314,0.6879443239,0.6936056838,,,,,,,,,,,,,,,,,,,,
256,0.0663,0.23,0.9101,3.6473,15.096,59.592,238.01,954.69,3862.2,,0.7709302326,0.7590759076,0.7438496118,0.73729002,0.7573750753,0.7441837232,0.7413717917,0.7412189441,0.7421313554,,,,,,,,,,,,,,,,,,,,
512,0.2001,0.7416,3.0159,12.227,49.081,195.6,789.57,3177.8,13851,,0.8457311919,0.7939192806,0.7940967377,0.8069561774,0.8015580089,0.7982044481,0.8035436236,0.7979610285,0.8277654933,,,,,,,,,,,,,,,,,,,,
1024,0.9959,3.9228,15.591,62.873,252.49,1080.9,4316.9,18864,85814,,0.9261601414,0.9251014055,0.941940551,0.9357493675,0.9413190173,1.002132394,0.9880750744,0.9423048104,0.9156032606,,,,,,,,,,,,,,,,,,,,
2048,1.8961,7.5866,30.216,121.36,484.98,2011.5,9208.6,41210,171406,,0.8448137587,0.850096365,0.8422343628,0.853265837,0.8683927804,0.8664283253,0.8679988689,0.8914703528,0.8951032153,,,,,,,,,,,,,,,,,,,,
4096,3.7347,14.912,60.12,240.1,964.14,4418.9,19796,82228,352165,,0.8636941791,0.8394505742,0.8456766679,0.8434623762,0.827445932,0.859975868,0.8548972189,0.8688044799,0.9056344186,,,,,,,,,,,,,,,,,,,,
d=16\N,16,32,64,128,256,512,1024,2048,4096,,,,,,,,,,,,,,,,,,,,,,,,,,,,,,
Seg 1(S=QKt),0.0015,0.0057,0.0208,0.0733,0.2846,1.1708,4.7053,18.597,75.131,,,,,,,,,,,,,,,,,,,,,,,,,,,,,,
Seg 2(P=f(S)),0.0005,0.0026,0.0048,0.0162,0.0639,0.2737,1.0432,4.1876,16.822,,,,,,,,,,,,,,,,,,,,,,,,,,,,,,
Seg 3(O=PV),0.0011,0.006,0.0193,0.0655,0.2626,1.0752,4.2816,16.976,68.615,,,,,,,,,,,,,,,,,,,,,,,,,,,,,,
d=32\N,16,32,64,128,256,512,1024,2048,4096,,,,,,,,,,,,,,,,,,,,,,,,,,,,,,
Seg 1(S=QKt),0.0027,0.0103,0.0372,0.136,0.5464,2.2026,8.7613,35.195,141.88,,,,,,,,,,,,,,,,,,,,,,,,,,,,,,
Seg 2(P=f(S)),0.0005,0.0013,0.0057,0.021,0.0845,0.335,1.3378,5.3949,21.632,,,,,,,,,,,,,,,,,,,,,,,,,,,,,,
Seg 3(O=PV),0.0023,0.0103,0.0397,0.1387,0.565,2.2329,9.0074,35.976,144.67,,,,,,,,,,,,,,,,,,,,,,,,,,,,,,
d=64\N,16,32,64,128,256,512,1024,2048,4096,,,,,,,,,,,,,,,,,,,,,,,,,,,,,,
Seg 1(S=QKt),0.0053,0.021,0.0661,0.2652,1.045,4.2698,17.307,68.165,278.81,,,,,,,,,,,,,,,,,,,,,,,,,,,,,,
Seg 2(P=f(S)),0.0006,0.0022,0.0072,0.0286,0.1147,0.4625,1.9115,7.4799,30.129,,,,,,,,,,,,,,,,,,,,,,,,,,,,,,
Seg 3(O=PV),0.0053,0.0215,0.0712,0.2855,1.1277,4.6736,18.828,74.064,299.1,,,,,,,,,,,,,,,,,,,,,,,,,,,,,,
d=128\N,16,32,64,128,256,512,1024,2048,4096,,,,,,,,,,,,,,,,,,,,,,,,,,,,,,
Seg 1(S=QKt),0.0125,0.0486,0.156,0.6366,2.4834,10.036,40.684,161.91,658.25,,,,,,,,,,,,,,,,,,,,,,,,,,,,,,
Seg 2(P=f(S)),0.0011,0.0037,0.0132,0.0527,0.2124,0.8472,3.4317,13.689,54.732,,,,,,,,,,,,,,,,,,,,,,,,,,,,,,
Seg 3(O=PV),0.0125,0.0437,0.1621,0.6605,2.6692,10.705,43.659,173.48,696.22,,,,,,,,,,,,,,,,,,,,,,,,,,,,,,
d=256\N,16,32,64,128,256,512,1024,2048,4096,,,,,,,,,,,,,,,,,,,,,,,,,,,,,,
Seg 1(S=QKt),0.033,0.1093,0.4344,1.6886,6.9658,27.575,110.66,443.85,1788.3,,,,,,,,,,,,,,,,,,,,,,,,,,,,,,
Seg 2(P=f(S)),0.0017,0.0066,0.026,0.1014,0.4208,1.6473,6.586,26.521,105.47,,,,,,,,,,,,,,,,,,,,,,,,,,,,,,
Seg 3(O=PV),0.0283,0.1043,0.4122,1.6903,6.9694,27.548,109.54,439.46,1788.7,,,,,,,,,,,,,,,,,,,,,,,,,,,,,,
d=512\N,16,32,64,128,256,512,1024,2048,4096,,,,,,,,,,,,,,,,,,,,,,,,,,,,,,
Seg 1(S=QKt),0.1204,0.4507,1.811,7.3063,29.387,117.57,473.16,1902.5,8443.3,,,,,,,,,,,,,,,,,,,,,,,,,,,,,,
Seg 2(P=f(S)),0.0032,0.0123,0.0499,0.1998,0.8054,3.2329,12.858,51.595,215.75,,,,,,,,,,,,,,,,,,,,,,,,,,,,,,
Seg 3(O=PV),0.0699,0.2523,1.0425,4.2647,16.959,67.218,273.37,1104.4,4662.8,,,,,,,,,,,,,,,,,,,,,,,,,,,,,,
d=1024\N,16,32,64,128,256,512,1024,2048,4096,,,,,,,,,,,,,,,,,,,,,,,,,,,,,,
Seg 1(S=QKt),0.7539,2.9576,11.803,47.616,190.97,813.54,3254.3,14653,67277,,,,,,,,,,,,,,,,,,,,,,,,,,,,,,
Seg 2(P=f(S)),0.0062,0.0259,0.1001,0.4077,1.6486,7.0228,27.533,133.01,478.76,,,,,,,,,,,,,,,,,,,,,,,,,,,,,,
Seg 3(O=PV),0.2148,0.8522,3.3518,13.364,54.008,239.91,932.04,3780.3,16635,,,,,,,,,,,,,,,,,,,,,,,,,,,,,,
d=2048\N,16,32,64,128,256,512,1024,2048,4096,,,,,,,,,,,,,,,,,,,,,,,,,,,,,,
Seg 1(S=QKt),1.4558,5.8795,23.282,93.3,373.25,1504.6,7216.9,32955,137685,,,,,,,,,,,,,,,,,,,,,,,,,,,,,,
Seg 2(P=f(S)),0.0061,0.0246,0.103,0.406,1.6438,6.5632,37.66,143.33,522.04,,,,,,,,,,,,,,,,,,,,,,,,,,,,,,
Seg 3(O=PV),0.407,1.5918,6.44,26.176,104.15,474.62,1856.7,7732.7,31703,,,,,,,,,,,,,,,,,,,,,,,,,,,,,,
d=4096\N,16,32,64,128,256,512,1024,2048,4096,,,,,,,,,,,,,,,,,,,,,,,,,,,,,,
Seg 1(S=QKt),2.9124,11.581,46.545,186.36,747.9,3442.2,15856,66526,288271,,,,,,,,,,,,,,,,,,,,,,,,,,,,,,
Seg 2(P=f(S)),0.0064,0.025,0.1024,0.4038,1.6488,9.7977,36.929,155.83,576.83,,,,,,,,,,,,,,,,,,,,,,,,,,,,,,
Seg 3(O=PV),0.7947,3.1974,13.008,51.765,208.32,942,3799.1,15170,61338,,,,,,,,,,,,,,,,,,,,,,,,,,,,,,
Attention w/o exp Operation,,,,,,,,,,,,,,,,,,,,,,,,,,,,,,,,,,,,,,,
d\N,16,32,64,128,256,512,1024,2048,4096,,,,,,,,,,,,,,,,,,,,,,,,,,,,,,
64,0.0136,0.064,0.224,0.844,3.4124,13.961,55.898,220.12,880.84,,,,,,,,,,,,,,,,,,,,,,,,,,,,,,